scenario,cases,mean_incremental_speedup,median_incremental_speedup,aether_faster_cases
A_ADD,58,0.5440151208666041,0.3870077922077922,8
A_UPDATE,58,28.7435528994589,1.0134335664335663,29
CNAME_UPDATE,32,11.89659289564903,1.6802255489021956,25
NS_UPDATE,59,33.191730196033156,1.471927638190955,36
