scenario,cases,mean_incremental_speedup,median_incremental_speedup,aether_faster_cases
A_ADD,4,0.5697634536133964,0.6953123028391167,1
A_UPDATE,4,12.939701625704043,25.471111111111107,2
CNAME_UPDATE,2,32.64037032085562,48.386181818181825,2
NS_UPDATE,4,12.37423707978972,22.685777777777773,2
