scenario,cases,mean_incremental_speedup,median_incremental_speedup,aether_faster_cases
A_ADD,3,1.0724487109031504,0.9101237410071943,1
A_UPDATE,3,17.148458500952767,0.5757240293809024,1
CNAME_UPDATE,2,23.53248736090953,45.593916666666665,2
NS_UPDATE,3,15.765261095819447,1.2272157809983897,2
