scenario,cases,mean_incremental_speedup,median_incremental_speedup,aether_faster_cases
A_ADD,58,0.8787037846641559,0.5732406181015453,17
A_UPDATE,58,17.393170413967514,0.9708314763231198,28
CNAME_UPDATE,32,7.541807174687037,2.0305185185185186,25
NS_UPDATE,59,17.540113537742723,0.984349494949495,29
