scenario,cases,mean_incremental_speedup,median_incremental_speedup,aether_faster_cases
A_ADD,37,0.9439022535962824,0.4466439790575916,11
A_UPDATE,37,13.243367676050935,0.6208183962264151,13
CNAME_UPDATE,20,6.529335072632523,1.4889237995824633,15
NS_UPDATE,38,13.09650107773968,0.8207751633986928,14
