scenario,cases,mean_incremental_speedup,median_incremental_speedup,aether_faster_cases
A_ADD,9,0.6190654008829948,0.5088689516129032,2
A_UPDATE,9,30.290535458477354,29.437375,8
CNAME_UPDATE,6,3.9359903192756938,3.6997986111111114,5
NS_UPDATE,9,38.062252379894176,31.218714285714285,8
