scenario,cases,mean_incremental_speedup,median_incremental_speedup,aether_faster_cases
A_ADD,8,1.0237242131322561,0.8093447098976108,3
A_UPDATE,8,24.303206795889835,2.895105263157895,5
CNAME_UPDATE,4,5.463611394992334,5.741708737864077,3
NS_UPDATE,8,18.142804754313275,1.695734234234234,5
