group,dataset,dataset_id,files,total_rr,A,AAAA,NS,SOA,MX,TXT,CNAME,DNAME,wildcard,rewrite_rr,rewrite_ratio,delegation_rr,delegation_ratio,avg_rr_per_file,max_rr_per_file,avg_owner_depth,max_owner_depth,category
files-500-1000,votesp.com,files-500-1000/votesp.com,989,2604,989,0,5,989,621,0,0,0,0,0,0.0,994,0.3817204301075269,2.6329625884732053,8,2.996927803379416,3,delegation-heavy
files-500-1000,web.tr,files-500-1000/web.tr,562,9234,2896,4,4390,562,723,194,465,0,0,465,0.050357374918778425,4952,0.536278969027507,16.430604982206404,5213,3.167749620965995,6,rewrite-heavy
files-500-1000,weblog.com,files-500-1000/weblog.com,554,3381,615,0,2210,554,2,0,0,0,0,0,0.0,2764,0.8175096125406685,6.102888086642599,1171,2.9982253771073646,3,delegation-heavy
files-500-1000,wisc.edu,files-500-1000/wisc.edu,579,8489,2288,140,3395,579,1786,32,269,0,0,269,0.031688066910118974,3974,0.4681352338320179,14.661485319516407,1781,3.4126516668629994,9,delegation-heavy
files-500-1000,wopert.com,files-500-1000/wopert.com,554,1457,554,0,5,554,344,0,0,0,0,0,0.0,559,0.38366506520247085,2.6299638989169676,8,2.9945092656142758,3,delegation-heavy
files-500-1000,wroc.pl,files-500-1000/wroc.pl,550,6653,1973,7,2691,550,688,166,578,0,0,578,0.0868781001052157,3241,0.4871486547422216,12.096363636363636,1737,3.6045393055764317,7,rewrite-heavy
files-500-1000,wroclaw.pl,files-500-1000/wroclaw.pl,509,10160,3501,1,5120,509,608,174,247,0,0,247,0.024311023622047245,5629,0.5540354330708661,19.960707269155208,6532,3.1056102362204725,6,delegation-heavy
files-500-1000,zp.ua,files-500-1000/zp.ua,644,10552,2983,37,5410,644,1121,168,189,0,0,189,0.017911296436694465,6054,0.5737300985595147,16.385093167701864,5350,3.128127369219105,6,delegation-heavy
