scenario,cases,mean_incremental_speedup,median_incremental_speedup,aether_faster_cases
A_ADD,58,0.834740337131729,0.5990343642611684,15
A_UPDATE,58,13.935452463075004,0.9818502139800286,28
CNAME_UPDATE,32,6.850302662722046,2.4850375,28
NS_UPDATE,59,16.936750725010125,1.0658080808080808,32
